UID,CompanyName,CompanyAddress,CompanyCity,CompanyState,CompanyZip,JobsReported,NAICSCode,BusinessType,WEB ADDRESS,FIRSTNAME,LASTNAME,TITLE,EMAIL,DnBADDRESS,DnBCITY,DnBMAILINGSTATE,DnBZIP,DnBAREA_CODE_AND_PHONE,DnBFAX,DnBSALES_VOLUME,DnBNUMBER_OF_EMPLOYEES,DnBPUBLIC_PRIVATE_COMPANY
1,UNIVERSITY CENTER CHIROPRACTIC,4500 9TH AVE NE STE 300,SEATTLE,WA,98105,1,561499,Sole Proprietorship,,,,,,,,,,,,,,
2,GEORGE JOHNSON,21931 SE 424th St,Enumclaw,WA,98022-9033,3,531311,Sole Proprietorship,,,,,,,,,,,,,,
3,ZUBEDA ADEM,15127 NE 24th St #451,REDMOND,WA,98052-5544,4,722513,Sole Proprietorship,,,,,,,,,,,,,,
4,EMERALD MARKETING CONSULTING,521 STADIUM PL S APT 1806,SEATTLE,WA,98104-7810,1,541618,Sole Proprietorship,,,,,,,,,,,,,,
5,COMMENCEMENT CHILDRENS THERAPY LLC,2915 North McCarver Street Ste 100,Tacoma,WA,98403,1,621340,Limited  Liability Company(LLC),,,,,,,,,,,,,,
6,MICHAEL JENKINS,1104 S 3rd Ave,Kelso,WA,98626-2124,1,485310,Independent Contractors,,,,,,,,,,,,,,
7,CARROLL'S PRINTING INC,1976 S Market Blvd,Chehalis,WA,98532-4124,2,323111,Corporation,,,,,,,,,,,,,,
8,PEAR A DICE FARMS INC,1641 Lombard Loop Rd,Wapato,WA,98951-9684,11,111339,Corporation,,,,,,,,,,,,,,
9,OSCAR GRAYBILL,514 S Division St,Walla Walla,WA,99362-3351,1,611699,Limited  Liability Company(LLC),,,,,,,,,,,,,,
10,KAYLENE GEORGE,6505 S West Terrace Dr.,Cheney,WA,99004,1,511199,Sole Proprietorship,,,,,,,,,,,,,,
11,PEAR A DICE FARMS INC,1641 Lombard Loop R,WAPATO,WA,98951,2,111331,Corporation,,,,,,,,,,,,,,
12,ERIN ALEXANDER,7844 126th Ave Ne,Kirkland,WA,98033,1,541430,Sole Proprietorship,,,,,,,,,,,,,,
13,ARISSA H RENCH,4142 45TH AVE SW,SEATTLE,WA,98116,1,813110,Sole Proprietorship,,,,,,,,,,,,,,
14,JAYMOR KIM,651 Edmonds Way Suite A,Edmonds,WA,98020,1,621210,Sole Proprietorship,,,,,,,,,,,,,,
15,DONAHUE LAW PLLC,901 N ADAMS ST,SPOKANE,WA,99201-2050,2,541110,Subchapter S Corporation,,,,,,,,,,,,,,
16,SEAVIEW AIRPORT SERVICE,1306 Olympia View Dr,EDMONDS,WA,98020-2638,4,485320,Corporation,,,,,,,,,,,,,,
17,P&S FARMS; INC.,1426 Greco Drive,Clarkston,WA,99403,2,111140,Corporation,,,,,,,,,,,,,,
18,J&M; L.L.C.,38 WESTLAKE RD,OROVILLE,WA,98844-9556,7,484220,Limited  Liability Company(LLC),,,,,,,,,,,,,,
19,VITAL T LEAF; LLC,651 S JACKSON ST,SEATTLE,WA,98104-2928,2,424490,Limited  Liability Company(LLC),,,,,,,,,,,,,,
20,BRANDON PATOC PHOTOGRAPHY LLC,26410 68th Ave S,Kent,WA,98032-7272,1,541922,Limited  Liability Company(LLC),,,,,,,,,,,,,,
21,UNITED PRESS & GRAPHICS; INC.,505 E INDUSTRIAL DR,HARTLAND,WI,53029,16,541430,Corporation,,,,,,,,,,,,,,
22,L.T.L. SUPPLY INC.,2161 Speaker Ct,Green Bay,WI,54313-8945,15,423610,Subchapter S Corporation,,,,,,,,,,,,,,
23,QUINN MOTORS OF ELLSWORTH INC,363 W Warner St,Ellsworth,WI,54011-4114,15,441110,Corporation,,,,,,,,,,,,,,
24,PRECISION GLASS AND DOORS LLC,3101 Post Rd,Stevens Point,WI,54481-6410,12,238150,Subchapter S Corporation,,,,,,,,,,,,,,
25,VIROQUA CBRF; LLC,1049 Chicago Ave,VIROQUA,WI,54665-1130,23,623312,Limited  Liability Company(LLC),,,,,,,,,,,,,,
26,SCHMIT BROS DODGE INC,PO Box 80255,SAUKVILLE,WI,53080,22,441110,Subchapter S Corporation,,,,,,,,,,,,,,
27,SCHMIT BROS DODGE INC,905 E Green Bay Ave,Saukville,WI,53080-2620,22,441110,Subchapter S Corporation,,,,,,,,,,,,,,
28,HS GROUP HR INC,336 S Jefferson St,Green Bay,WI,54301-4523,15,541612,Subchapter S Corporation,,,,,,,,,,,,,,
29,READY MIXED CUSTARD; INC.,43 WESTMINSTER CIR,FOND DU LAC,WI,54935-2927,49,722513,Corporation,,,,,,,,,,,,,,
30,HARTLAND HOSPITALITY FRANCHISE GROUP LLC,130 E Capitol Dr,HARTLAND,WI,53029-2104,9,722511,Limited Liability Partnership,,,,,,,,,,,,,,
31,MCKINNEY & ASSOCIATES INC,101 W Edison Ave Ste 205,Appleton,WI,54915-1390,8,711310,Corporation,,,,,,,,,,,,,,
32,5 STAR STATIONS; INC.,1243 Fox River Ct.,MUKWONAGO,WI,53149-9539,41,447110,Subchapter S Corporation,,,,,,,,,,,,,,
33,LEW GROUP INC.,10627 N Bay Shore Dr,Sister Bay,WI,54234-9153,7,722511,Corporation,,,,,,,,,,,,,,
34,LS INDUSTRIES LLC,2801 N 7TH ST,WAUSAU,WI,54403-3222,21,531311,Limited  Liability Company(LLC),,,,,,,,,,,,,,
35,HARDWOOD FLOORS OF HILLSBORO; LLC,E18054 Pine Hill road,HILLSBORO,WI,54634,18,423310,Subchapter S Corporation,,,,,,,,,,,,,,
36,MCKINNEY & ASSOCIATES INC.,101 W. EDISON AVE Suite 205,APPLETON,WI,54915-1303,8,711310,Corporation,,,,,,,,,,,,,,
37,RACINE RIVERSIDE MARINE,950 ERIE ST,RACINE,WI,53402-5116,21,441222,Subchapter S Corporation,,,,,,,,,,,,,,
38,RONALD MCDONALD HOUSE CHARITIES OF MADISON INC.,2716 Marshall Ct,Madison,WI,53705-2256,26,624221,Non-Profit Organization,,,,,,,,,,,,,,
39,RESOP DDS AND SCHRUBBE DDS LLC,17600 W Capitol Dr,Brookfield,WI,53045-2003,14,621210,Corporation,,,,,,,,,,,,,,
40,TRA VIGNE LLC,N2271 Willow Way W,La Crosse,WI,54601-2443,38,722511,Limited  Liability Company(LLC),,,,,,,,,,,,,,
41,THE SEGAL LAW FIRM LC,810 Kanawha Blvd E,Charleston,WV,25301-2807,12,541110,Subchapter S Corporation,,,,,,,,,,,,,,
42,AVENUE EATS LLC,1201 Valley View Ave,Wheeling,WV,26003-1475,20,722511,Limited  Liability Company(LLC),,,,,,,,,,,,,,
43,DR TIMOTHY D SINES,1193 Pineview Drive,MORGANTOWN,WV,26505-0481,15,621210,Corporation,,,,,,,,,,,,,,
44,CHRISTINA NOLTE,3018  DOGWOOD RD,BRIDGEPORT,WV,26330-9395,9,621399,Sole Proprietorship,,,,,,,,,,,,,,
45,IT MINDSHARE LLC,200 Hart Field Rd,Morgantown,WV,26505-3762,8,541990,Limited  Liability Company(LLC),,,,,,,,,,,,,,
46,PHILLIPS PHARMACY; INC,329 Second Street,St Marys,WV,26170-1005,10,446110,Corporation,,,,,,,,,,,,,,
47,HONEST FRED'S FLOORING,423 COLUMBIA AVE,WILLIAMSTOWN,WV,26187-1122,15,444190,Corporation,,,,,,,,,,,,,,
48,CHRISTINA NOLTE,3018 Dogwood Rd,Bridgeport,WV,26330-9397,9,621399,Sole Proprietorship,,,,,,,,,,,,,,
49,GATEWAY INDUSTRIES; INC.,787 Edgar Avenue,RONCEVERTE,WV,24970-1488,53,624310,Corporation,,,,,,,,,,,,,,
50,WATTERS PAINTING & DRYWALL; INC.,100 E CHESTNUT ST,ELEANOR,WV,25070-1439,10,238320,Corporation,,,,,,,,,,,,,,
51,WATTERS PAINTING AND DRYWALL INC,100 W Chestnut Street,Eleanor,WV,25070,9,238320,Corporation,,,,,,,,,,,,,,
52,ALL QUALITY  LLC,1366 Limestone Rd,Charleston,WV,25312-6569,16,238990,Limited  Liability Company(LLC),,,,,,,,,,,,,,
53,RBS HEALTHCARE; LLC,2200 Grand Central Ave Ste 110,VIENNA,WV,26105-1300,30,621610,Limited  Liability Company(LLC),,,,,,,,,,,,,,
54,KOZICKI HUGHEST TICKERHOOF PLLC,32 20TH ST Ste 300,WHEELING,WV,26003-3746,10,541211,Limited  Liability Company(LLC),,,,,,,,,,,,,,
55,SHIRT BOX PIZZA LLC,141 Middletown Cir,Fairmont,WV,26554-2015,61,722513,Limited  Liability Company(LLC),,,,,,,,,,,,,,
56,PLAZA MAYA INC,3112 BCHESTERFIELD AVE SE,CHARLESTON,WV,25304-1214,5,722511,Subchapter S Corporation,,,,,,,,,,,,,,
57,REED BROTHERS LIMITED PARTNERSHIP,1314 VIRGINIA ST E,CHARLESTON,WV,25301-3012,10,213111,Limited Liability Partnership,,,,,,,,,,,,,,
58,AHEAD ETS LLC,5312 Tabler Station Rd,Inwood,WV,25428-4538,16,441120,Limited  Liability Company(LLC),,,,,,,,,,,,,,
59,MUNICIPAL MUTUAL INSURANCE COMPANY OF WEST VIRGINIA,950 MAIN ST,WELLSBURG,WV,26070,13,524126,Corporation,,,,,,,,,,,,,,
60,RISING STAR TECH CONSULTING LLC,126 E Burke St # 15,Martinsburg,WV,25401-4302,13,541512,Limited  Liability Company(LLC),,,,,,,,,,,,,,
61,WONDER COSMETICS LLC,30 N Gould St,Sheridan,WY,82801-6317,10,453998,Partnership,,,,,,,,,,,,,,
62,D AND DESIGN GROUP LLC,1620 Central Ave,Cheyenne,WY,82001-4557,15,541410,Limited  Liability Company(LLC),,,,,,,,,,,,,,
63,JACKSON PAINT AND GLASS; INC.,205 SCOTT LN,JACKSON,WY,83001-8064,10,811122,Corporation,,,,,,,,,,,,,,
64,RIDGELINE OPERATIONS LLC,1675 High School Rd,Jackson,WY,83001-8868,11,238990,Subchapter S Corporation,,,,,,,,,,,,,,
65,JADE'S HEATING AND PLUMBING,555 Deer Drive,jackson,WY,83001,10,238220,Limited  Liability Company(LLC),,,,,,,,,,,,,,
66,M&T UNDERGROUND INC,1116 Robertson Ave,Worland,WY,82401-2826,15,238990,Corporation,,,,,,,,,,,,,,
67,JEDEDIAH HOLDINGS LLC,1250 Airport Road,JACKSON,WY,83001-3857,26,722513,Limited  Liability Company(LLC),,,,,,,,,,,,,,
68,RED FORK FARMSTEAD; LLC,807 Barnum Rd,Kaycee,WY,82639-9514,11,112410,Limited  Liability Company(LLC),,,,,,,,,,,,,,
69,ROCKY MOUNTAIN RECOVERY SYSTEMS INC,101 HASTINGS HORSESHOE,POWELL,WY,82435-8111,21,999990,Corporation,,,,,,,,,,,,,,
70,TOBIN & ASSOCIATES; P.C.,1820 DILLON AVE Suite 200A,CHEYENNE,WY,82001-4226,9,541310,Corporation,,,,,,,,,,,,,,
71,INDUSTRIAL CONSTRUCTION COMPANY; LLC,1670 high School Road,JACKSON,WY,83001-8868,10,236210,Limited  Liability Company(LLC),,,,,,,,,,,,,,
72,SYNAGILE CORPORATION,3465 N Pines Way; suite 104; PMB 218,WILSON,WY,83014,9,541710,Corporation,,,,,,,,,,,,,,
73,PLAZA LIQUOR LLC,832 W Broadway Ave,Jackson,WY,83001-8647,18,722511,Limited  Liability Company(LLC),,,,,,,,,,,,,,
74,KELLY CODY WY HOTEL VENTURES LLLP,232 W Yellowstone Ave,Cody,WY,82414-8724,20,721110,Partnership,,,,,,,,,,,,,,
75,TETON SIMULATION SOFTWARE,1938 Harney St,Laramie,WY,82072-3037,9,511210,Corporation,,,,,,,,,,,,,,
76,GOSHEN IRRIGATION DISTRICT,2912 WEST E STREET,TORRINGTON,WY,82240,10,926130,Corporation,,,,,,,,,,,,,,
77,EXPLORER VENTURES (USA) LTD,3211 Energy Ln Ste 201,Casper,WY,82604-2963,12,561520,Subchapter S Corporation,,,,,,,,,,,,,,
78,JONAH GAS COMPANY,441 Landmark Dr Ste 100,Casper,WY,82609-4564,9,221210,Limited  Liability Company(LLC),,,,,,,,,,,,,,
79,EXPLORER VENTURES (USA) LTD,3211 ENERGY LN Suite 201,CASPER,WY,82604-2939,11,523910,Subchapter S Corporation,,,,,,,,,,,,,,
80,ALL CREATURES VETERINARY HOSPITAL; PC,4220 E. Yellowstone,EVANSVILLE,WY,82636-0003,15,541940,Corporation,,,,,,,,,,,,,,